<?xml version="1.0" encoding="UTF-8" standalone="no"?>
<?xml-stylesheet type="text/xsl" href="fimo-to-html.xsl"?>
<!-- Begin document body -->
<fimo version="4.10.0" release="Wed May 21 10:35:36 2014 +1000">
  xmlns:xsi="http://www.w3.org/2001/XMLSchema-instance"
  xsi:schemaLocation=  xmlns:fimo="http://noble.gs.washington.edu/schema/fimo"
>
<command-line>fimo --thresh 0.0005 --o ./res/ ./meme.pwm /home/egg/Desktop/footprint_motifmatch/MemeChip/footprints_wo_mpbs.fa</command-line>
<settings>
<setting name="output directory">./res/</setting>
<setting name="MEME file name">./meme.pwm</setting>
<setting name="sequence file name">/home/egg/Desktop/footprint_motifmatch/MemeChip/footprints_wo_mpbs.fa</setting>
<setting name="allow clobber">false</setting>
<setting name="compute q-values">true</setting>
<setting name="parse genomic coord.">false</setting>
<setting name="text only">false</setting>
<setting name="scan both strands">true</setting>
<setting name="max sequence length">250000000</setting>
<setting name="output threshold">0.0005</setting>
<setting name="threshold type">p-value</setting>
<setting name="max stored scores">100000</setting>
<setting name="pseudocount">0.1</setting>
<setting name="verbosity">2</setting>
</settings>
<sequence-data num-sequences="39703" num-residues="11910900" />
<alphabet>nucleotide</alphabet>
<motif name="CCGGSY" width="6" best-possible-match="CCGGCC"/>
<motif name="SCAGGA" width="6" best-possible-match="CCAGGA"/>
<motif name="CKCSGAG" width="7" best-possible-match="CGCGGAG"/>
<motif name="ACMSCG" width="6" best-possible-match="ACCCCG"/>
<motif name="CCGGAGHC" width="8" best-possible-match="CCGGAGCC"/>
<motif name="TACCCR" width="6" best-possible-match="TACCCA"/>
<background source="non-redundant database">
<value letter="A">0.275</value>
<value letter="C">0.225</value>
<value letter="G">0.225</value>
<value letter="T">0.275</value>
</background>
<cisml-file>cisml.xml</cisml-file>
</fimo>
